{"accuracy": 0.11242504697293043, "_timestamp": 1663783191, "_runtime": 1093, "AUROC": 0.5760379371409426, "AURC": 0.9984404371163954, "coverage_accuracy_95": 0.0, "coverage_accuracy_99": 0.0, "ece15": 0.0009904979960992932, "mce15": 0.9793945550918579, "adaptive_ece": 0.0015974203124642372, "adaptive_mce": 0.013445221818983555, "gamma": 0.15207587428188538, "confidence_mean": 0.002087229862809181, "confidence_median": 0.0012388229370117188, "confidence_gini": 0.41331425309181213, "confidence_variance": 0.0004641730629373342, "ece10": 0.000962979334872216, "mce10": 0.9793945550918579, "ece30": 0.00102680001873523, "mce30": 0.987548828125, "ece50": 0.0010077391052618623, "mce50": 0.9912109375, "coverage_accuracy_96": 0.0, "coverage_accuracy_97": 0.0, "coverage_accuracy_98": 0.0, "_step": 0, "_wandb": {"runtime": 1092}}