{"accuracy": 0.10409726528450847, "_timestamp": 1663917865, "_runtime": 134111, "AUROC": 0.8404485015214038, "AURC": 0.997653632130132, "coverage_accuracy_95": 0.0, "coverage_accuracy_99": 0.0, "ece15": 0.3642071485519409, "mce15": 0.3642071485519409, "adaptive_ece": 0.3642072379589081, "adaptive_mce": 0.36616766452789307, "gamma": 0.6808970030428078, "confidence_mean": 0.3652481734752655, "confidence_median": 0.365234375, "confidence_gini": 0.004112700466066599, "confidence_variance": 7.061628366500372e-06, "ece10": 0.3642071485519409, "mce10": 0.3642071485519409, "ece30": 0.3642071783542633, "mce30": 0.3654882609844208, "ece50": 0.3642072379589081, "mce50": 0.38232421875, "coverage_accuracy_96": 0.0, "coverage_accuracy_97": 0.0, "coverage_accuracy_98": 0.0, "braindamage_top1_accuracy": 0.0, "braindamage_top5_accuracy": 0.0, "epoch": 20, "train_loss": 6.500670371517058, "eval_loss": 0, "eval_top1": 0, "eval_top5": 0, "_step": 20}